upload,caption,likes_list,hashtag,location,photo
2020-07-17T06:06:42.000Z,.Coming Soon.Nantikan pembaharuan kami di #cafebacacanarisla.#kopisususolo #kopisusuums #exploresolo #visitsolo #kedaikopiums #kedaikopisolo,381 views,#cafebacacanarisla #kopisususolo #kopisusuums #exploresolo #visitsolo #kedaikopiums #kedaikopisolo,,https://instagram.fcgk4-3.fna.fbcdn.net/v/t50.2886-16/108100578_560316671329940_4831242028973685910_n.mp4?_nc_ht=instagram.fcgk4-3.fna.fbcdn.net&_nc_cat=108&_nc_ohc=HEO3cjmRHnoAX-W37vi&oe=5F14F18C&oh=b98f1395dbcde76363b18d1748a72469
2020-07-15T08:11:54.000Z,INFOGRAPHIC KOPI.Terkadang kita suka lupa meminum atau memakan sesuatu berasal darimana dan sejarahnya darimana.Yaa walaupun tidal terlalu berpengaruh terhadap minuman atau makanan kita hahahaIni ada sedikit info tentan kopi..Semoga bermanfaat dan jikalau ada salah salah makna dan kata bisa tulis komentar dibawah yaah :).#cafebacacanarisla #infographic #grafis #design #kopisususolo #kopisusuums #exploresolo #kopidisolo #kopidiums #kedaikopi,23 likes,#cafebacacanarisla #infographic #grafis #design #kopisususolo #kopisusuums #exploresolo #kopidisolo #kopidiums #kedaikopi,,https://instagram.fcgk4-2.fna.fbcdn.net/v/t51.2885-15/e35/109141191_280671093026601_2304336730095199931_n.jpg?_nc_ht=instagram.fcgk4-2.fna.fbcdn.net&_nc_cat=109&_nc_ohc=_pQ3NOHKKqcAX-iecbi&oh=d5a6943acd13bdd6f14d0ac3d74837d6&oe=5F3BB6AB
2020-07-13T11:52:02.000Z,"Banyak metode pembuatan kopi selama #dirumahaja, pasti kamu punya cara/metodenya masing masing soal resep seduh yang kamu terapkan dirumah.Tapi ada juga yang bosen atau ga mau ribet membuat kopi, dengan metode manual..Jangan khawatir buat kawan kawan ""mager"" #CafeBacaCanarisla selalu siap sedia melayani dan membuatkan kopi sesuai selera kalian..#getyourcoffeegetastory #kopidisolo #kopidiums #kopisusuums #kopisususolo #manualbrew #v60 #exploresolo #visitsolo",36 likes,#dirumahaja #CafeBacaCanarisla #getyourcoffeegetastory #kopidisolo #kopidiums #kopisusuums #kopisususolo #manualbrew #v60 #exploresolo #visitsolo,,https://instagram.fcgk5-1.fna.fbcdn.net/v/t51.2885-15/e35/108202903_691939574716670_3836786763675676991_n.jpg?_nc_ht=instagram.fcgk5-1.fna.fbcdn.net&_nc_cat=102&_nc_ohc=uKmsTOYuXkUAX_fDOY8&oh=1ca5902130cca135732d6342ad9fe1a6&oe=5F3D1BB9
2020-07-10T10:35:40.000Z,".Untuk teman teman #CafeBacaCanarisla , kami selalu berusaha untuk memberikan pembaharuan dan pelayanan kami. Terutama setiap detail dari ruangan di tempat kami..Mohon maaf untuk ketidaknyamanan kalian saat proses perbaikan tempat..NANTIKAN SUDUT BARU DI CAFE BACA CANARISLA#cafebacacanarisla #exploresolo #visitsolot #cafedisolo #cafediums #kopidisolo #kopidiums #kopisusu #ruangbaca #ruangpublic",83 likes,#CafeBacaCanarisla #cafebacacanarisla #exploresolo #visitsolot #cafedisolo #cafediums #kopidisolo #kopidiums #kopisusu #ruangbaca #ruangpublic,,https://instagram.fcgk4-1.fna.fbcdn.net/v/t51.2885-15/e35/107098927_3213235658720208_7988368105141011700_n.jpg?_nc_ht=instagram.fcgk4-1.fna.fbcdn.net&_nc_cat=100&_nc_ohc=DSVT6hpD3VcAX_49-ku&oh=bf47971335b28cf9396a26bf3faced56&oe=5F3AE2E1
2020-07-06T12:04:23.000Z,".""Aku rela di penjara asalkan bersama buku, karena dengan buku aku bebas"" -Mohammad Hatta.Begitulah kata kata bijak dari Dr. H. Mohammad Hatta yang lebih di kenal dengan Bung Hatta..Untuk kalian yang ingin membaca buku tapi bosen atau bingung baca dimana ,#cafebacacanarisla ada beberapa koleksi buku yang free untuk kalian baca di tempat..#buku #kedaikopiums #kedaikopisolo #kopidisolo #kopidiums #bukudankopi #bacabukudicafe",39 likes,#cafebacacanarisla #buku #kedaikopiums #kedaikopisolo #kopidisolo #kopidiums #bukudankopi #bacabukudicafe,,https://instagram.fcgk5-1.fna.fbcdn.net/v/t51.2885-15/e35/106565059_265913981172763_4841140336533727387_n.jpg?_nc_ht=instagram.fcgk5-1.fna.fbcdn.net&_nc_cat=107&_nc_ohc=x7aLBL2SY3EAX_Q3QOm&oh=9a99cf7b55e9d7f7fdb81b1ab2b33db4&oe=5F3CD2FB
2020-07-03T07:52:13.000Z,".Ini salah satu barista dari #cafebacacanarisla , kalo kalian pernah atau sering ke cafe pasti ketemu dengan barista satu ini . Namanya mas Ben , kalo ketemu sapa aja dengan senyuman udah cukup kok.#barista #cafebacacanarisla #kopidisolo #kopidiums #coffeshopsolo #coffeeshop #kedaikopisolo #kedaikopiums",85 likes,#cafebacacanarisla #barista #cafebacacanarisla #kopidisolo #kopidiums #coffeshopsolo #coffeeshop #kedaikopisolo #kedaikopiums,,https://instagram.fcgk4-4.fna.fbcdn.net/v/t51.2885-15/e35/107205518_866157730560555_5336199106853944514_n.jpg?_nc_ht=instagram.fcgk4-4.fna.fbcdn.net&_nc_cat=103&_nc_ohc=QcsVGtorAiIAX-Sfz1M&oh=2e9987cb413031255866ee6a4cc170f4&oe=5F3DBE51
2020-07-01T05:54:47.000Z,".Nih, aku kasih rekomendasi 5 buka yang cocok untuk menemani kalian sama minum kopi..Kalo buku rekomendasi kamu apa ?Tulis di kolom komentar yah..#cafebacacanarisla #coffeeshop #kopidisolo #kopidiums #buku #kopiums #coffeshopsolo #tempatkopiums #tempatkopidiums",25 likes,#cafebacacanarisla #coffeeshop #kopidisolo #kopidiums #buku #kopiums #coffeshopsolo #tempatkopiums #tempatkopidiums,,https://instagram.fcgk4-2.fna.fbcdn.net/v/t51.2885-15/e35/106494470_3073496899399353_494868912839127671_n.jpg?_nc_ht=instagram.fcgk4-2.fna.fbcdn.net&_nc_cat=109&_nc_ohc=NQxtuSMfdMEAX8H5fhx&oh=7b0aec1bd56c57965c53c14d29606326&oe=5F3C8E11
2020-06-02T07:31:37.000Z,"Kopi Susu #cafebacacanarisla hadir kembali , untuk menemani kalian beraktifitas membaca dll . Kami sekarang sudah buka tiap hari loohh.Kami tunggu di #cafebacacanarisla #cafeums #kopidisolo #kopidiums #kopisusu #coffeeshopuns #coffeeshop",40 likes,#cafebacacanarisla #cafebacacanarisla #cafeums #kopidisolo #kopidiums #kopisusu #coffeeshopuns #coffeeshop,,https://instagram.fcgk5-1.fna.fbcdn.net/v/t51.2885-15/e35/101404883_738054550339675_2944280190674736229_n.jpg?_nc_ht=instagram.fcgk5-1.fna.fbcdn.net&_nc_cat=107&_nc_ohc=jMTv6rVc890AX_UTmja&oh=e7a3dc204e561372114fcb2076db8541&oe=5F3B9263
2020-05-31T05:28:05.000Z,"Hallo teman teman, apa kabar kalian semua ? Pada kangen nongkrong di #cafebacacanarisla ?. Hari ini cafebacacanarisla udah buka looh. Sesuai dengan protocol anjuran dari pemerintah , jangan lupa.- pakai masker pada saat order- cuci tangan/pakai handsanitizer sebelum atau sesudah bertransaksi- terapkan selalu jaga jarak...Stay safeStay healtyStay calm#cafeums #kopidisolo #kopisusu #getyourcoffeegetastory #coffeeshop #coffeeshopsolo #coffeeshopuns #ngopidiums #ngopidisolo",92 likes,#cafebacacanarisla #cafeums #kopidisolo #kopisusu #getyourcoffeegetastory #coffeeshop #coffeeshopsolo #coffeeshopuns #ngopidiums #ngopidisolo,,https://instagram.fcgk4-1.fna.fbcdn.net/v/t51.2885-15/e35/75252727_280765659740650_2742334325961995765_n.jpg?_nc_ht=instagram.fcgk4-1.fna.fbcdn.net&_nc_cat=110&_nc_ohc=2d-RuibdVnwAX8mp7mq&oh=8cc31268466536f012d74fa75e4060af&oe=5F3B7D9C
2020-03-28T09:30:37.000Z,"Penatnya kesibukan menjalani perkuliahan dan numpuknya tugas. #cafebacacanarisla memberi solusi kopi susu , siapa tau cocok dengan lidah kalian kawan..#cafeums #kopidisolo #kopisusu #getyourcoffeegetastory #kopidiums #coffeeshopsolo #coffeeshop",45 likes,#cafebacacanarisla #cafeums #kopidisolo #kopisusu #getyourcoffeegetastory #kopidiums #coffeeshopsolo #coffeeshop,,https://instagram.fcgk5-1.fna.fbcdn.net/v/t51.2885-15/e35/91339361_653003825498249_563346256006995347_n.jpg?_nc_ht=instagram.fcgk5-1.fna.fbcdn.net&_nc_cat=105&_nc_ohc=qFwjIbqwSmAAX-blpKo&oh=0e8b3514f35ef2cc7a47c1013ed336eb&oe=5F3D4D27
2020-03-24T08:14:57.000Z,"Daya tarik 'membaca buku' penduduk negara kita emang kurang , coba mulai deh . Mungkin bisa di temani dengan segelas kopi nusantara dari #cafebacacanarisla ..#coffeeshop #coffeeshopsolo #kopidisolo #kopiums #getyourcoffeegetastory",46 likes,#cafebacacanarisla #coffeeshop #coffeeshopsolo #kopidisolo #kopiums #getyourcoffeegetastory,https://www.instagram.com/explore/locations/104442774509754/cafebacacanarisla/,https://instagram.fcgk4-2.fna.fbcdn.net/v/t51.2885-15/e35/90701465_579685999302990_3051892956405904818_n.jpg?_nc_ht=instagram.fcgk4-2.fna.fbcdn.net&_nc_cat=106&_nc_ohc=aFXhlyRDNEoAX_oLspD&oh=c6f75bcfef6ab9c46b240c83f123b076&oe=5F3C410C
2020-03-22T11:41:05.000Z,"Berbincang , berdiskusi, bercanda menjadi hal yang mengasikan sebagai mahluk sosial . Kadang kopi dan tempat juga bisa jadi solusinya..#cafebacacanarisla #getyourcoffeegetastory #kopidisolo #kopidiums #coffeeshopsolo #coffeeshop",66 likes,#cafebacacanarisla #getyourcoffeegetastory #kopidisolo #kopidiums #coffeeshopsolo #coffeeshop,https://www.instagram.com/explore/locations/104442774509754/cafebacacanarisla/,https://instagram.fcgk4-1.fna.fbcdn.net/v/t51.2885-15/e35/90304988_654184512035147_8702517066209560370_n.jpg?_nc_ht=instagram.fcgk4-1.fna.fbcdn.net&_nc_cat=111&_nc_ohc=pdeJXyv8F10AX_1dv01&oh=01efe32e5b81aaacc9998d9d4b741acf&oe=5F3C98E0
2020-03-20T08:23:05.000Z,"Kembali ke hari hari kemarin , moment @pandji.pragiwaksono mengisi acara di @arabicfairuns dan #cafebacacanarisla berkesempatan untuk mensupport kopi dan tumbler dari kami. Yaaa walaupun tidak seberapa , tapi kita cukup senang..#arabicfairuns #pandjipragiwaksono #tumblercafebacacanarisla #kopidisolo #eventdisolo",114 likes,#cafebacacanarisla #arabicfairuns #pandjipragiwaksono #tumblercafebacacanarisla #kopidisolo #eventdisolo,,https://instagram.fcgk4-3.fna.fbcdn.net/v/t51.2885-15/e35/90227258_243192436841312_5112400456660685799_n.jpg?_nc_ht=instagram.fcgk4-3.fna.fbcdn.net&_nc_cat=108&_nc_ohc=7OrgsgYEcpIAX9C8V89&oh=73480a38d30dfc0eb6d6a7f0a784ca4f&oe=5F3C7D73
2020-03-16T08:08:34.000Z,""" Rice Bowl Fish Roll ""Salah satu menu makanan #cafebacacanarisla .Udah pernah ngerasain menu ini ? Menu makanan dengan isi Fish roll, Sayur sayur, Nasi . Lumayan bisa bikin kenyang perut...#getyourcoffeegetastory #coffeeshopsolo #kopidisolo #kopidiums #kopiums #ricebowlfishroll #makananums",61 likes,#cafebacacanarisla #getyourcoffeegetastory #coffeeshopsolo #kopidisolo #kopidiums #kopiums #ricebowlfishroll #makananums,https://www.instagram.com/explore/locations/104442774509754/cafebacacanarisla/,https://instagram.fcgk4-2.fna.fbcdn.net/v/t51.2885-15/e35/90091289_2647103595526662_3542005388685535564_n.jpg?_nc_ht=instagram.fcgk4-2.fna.fbcdn.net&_nc_cat=106&_nc_ohc=YcikHf76c4YAX_a4g1c&oh=2572826a50a1f6199ce9d1401213871c&oe=5F3D1ED1
2020-03-14T11:19:25.000Z,"Es Kopi Susu Tinta Merah.Perpaduan Kopi, Susu, Syrup pisang susu . Salah satu signature Kopi Susu #cafebacacanarisla .#getyourcoffeegetastory #kopidisolo #kopidiums #coffeeshopsolo #kopisusu #kopiums",42 likes,#cafebacacanarisla #getyourcoffeegetastory #kopidisolo #kopidiums #coffeeshopsolo #kopisusu #kopiums,,https://instagram.fcgk5-1.fna.fbcdn.net/v/t51.2885-15/e35/89468969_294099428223149_3680462293395898218_n.jpg?_nc_ht=instagram.fcgk5-1.fna.fbcdn.net&_nc_cat=105&_nc_ohc=OZWIKQ00NSgAX_LtjRv&oh=a22b775d3fa868f8419ccc54e3200b7f&oe=5F3BCC05
2020-03-13T07:15:53.000Z,"Selamat hari jum'at , semoga hari mu menyenangkan.Sudah ngopi kah hari ini ? #cafebacacanarisla brewing seperti biasa yah. Di tunggu cerita dan kebahagiannya di #cafebacacanarisla .#getyourcoffeegetastory #kopidisolo #kopiums #kedaikopisolo #kedaikopiums #coffeeshopsolo",82 likes,#cafebacacanarisla #cafebacacanarisla #getyourcoffeegetastory #kopidisolo #kopiums #kedaikopisolo #kedaikopiums #coffeeshopsolo,,https://instagram.fcgk4-1.fna.fbcdn.net/v/t51.2885-15/e35/89445954_207280977044664_6174013866356594600_n.jpg?_nc_ht=instagram.fcgk4-1.fna.fbcdn.net&_nc_cat=100&_nc_ohc=qRhbJVIMz3sAX-SMzQm&oh=d5e5ca6c5818c1cc89f0010b47546552&oe=5F3AE841
2020-03-11T11:05:29.000Z,""" Tanpa musik dan Kopi, hidup adalah kesalahan "".Melalui musik, tercipta harapan dan melalui kopi, tercipta persahabat..#getyourcoffeegetastory #cafeums #kopiums #cafebacacanarisla #kopidisolo #coffeeshopsolo #kopidiums",60 likes,#getyourcoffeegetastory #cafeums #kopiums #cafebacacanarisla #kopidisolo #coffeeshopsolo #kopidiums,,https://instagram.fcgk4-4.fna.fbcdn.net/v/t51.2885-15/e35/87852457_683940852348289_5034458106485118525_n.jpg?_nc_ht=instagram.fcgk4-4.fna.fbcdn.net&_nc_cat=101&_nc_ohc=RXT1U_1XmOoAX9X3mQ4&oh=8776ebb71ff70f51129f840a79be39fe&oe=5F3DCE98
2020-03-09T07:25:18.000Z,Nikmati harimu dengan kopi susu #cafebacacanarislaSudahkah kamu ngopi hari ini ?..#coffeeshopsolo #kopidisolo #kedaikopisolo #kopisusu #getyourcoffeegetastory,51 likes,#cafebacacanarisla #coffeeshopsolo #kopidisolo #kedaikopisolo #kopisusu #getyourcoffeegetastory,https://www.instagram.com/explore/locations/104442774509754/cafebacacanarisla/,https://instagram.fcgk4-4.fna.fbcdn.net/v/t51.2885-15/e35/88345994_198481648094365_692823063555690331_n.jpg?_nc_ht=instagram.fcgk4-4.fna.fbcdn.net&_nc_cat=101&_nc_ohc=DxcQZK8SQxgAX_W0E39&oh=695c6201781720b9843446054ec00bd9&oe=5F3AE9D4
2020-03-08T07:12:27.000Z,"Salah satu rekomendasi kopi susu kedai kami #cafebacacanarisla."" Es Kopi Susu Tinta Merah ""Susunya pake S yah hehehe.#getyourcoffeegetastory #coffeshopsolo #coffeesolo #kopisolo#kopisusu",32 likes,#cafebacacanarisla #getyourcoffeegetastory #coffeshopsolo #coffeesolo #kopisolo #kopisusu,,https://instagram.fcgk4-1.fna.fbcdn.net/v/t51.2885-15/e35/87616320_2310213505747582_343828302374269920_n.jpg?_nc_ht=instagram.fcgk4-1.fna.fbcdn.net&_nc_cat=110&_nc_ohc=zDKPXifPmo4AX9guXZj&oh=a333473f3d4c23ed9aa9a43ee7f8c21a&oe=5F3D7CCE
2020-03-06T10:48:05.000Z,""" Bahwa perbedaan tidak hanya merupakan pilihan, tetapi juga keadaan yang di ciptakan Tuhan. Bukan urusan kita membuat seisi bumi menjadi seragam.- Pandji Pragiwaksono -.#getyourcoffeegetastory #cafebacacanarisla #coffeesolo #coffeeshopsolo #kopisolo #merdekadalambecanda #beranimengubah #pandjipragiwaksono",169 likes,#getyourcoffeegetastory #cafebacacanarisla #coffeesolo #coffeeshopsolo #kopisolo #merdekadalambecanda #beranimengubah #pandjipragiwaksono,,https://instagram.fcgk4-2.fna.fbcdn.net/v/t51.2885-15/e35/88220494_217176232739344_584495550494343478_n.jpg?_nc_ht=instagram.fcgk4-2.fna.fbcdn.net&_nc_cat=104&_nc_ohc=fVjlUY3oPi4AX8Yn0xd&oh=5f01c0d6c0fbea70620d485ba00ac780&oe=5F3AB128
2020-03-04T09:01:19.000Z,"Kopi dan Buku. Banyak orang, kopi dan buku menjadi salah satu 'teman terbaik' untuk menemani kita disaat sendirian..#coffeesolo #coffeeshopsolo #getyourcoffeegetastory #cafebacacanarisla #kopisolo",58 likes,#coffeesolo #coffeeshopsolo #getyourcoffeegetastory #cafebacacanarisla #kopisolo,,https://instagram.fcgk4-3.fna.fbcdn.net/v/t51.2885-15/e35/87611881_203281324112132_221146083759197793_n.jpg?_nc_ht=instagram.fcgk4-3.fna.fbcdn.net&_nc_cat=108&_nc_ohc=dPp9Jn_aqiwAX_CT6NO&oh=2089c2a857cdfae8e5cc4298936ae637&oe=5F3B6E24
2020-03-02T07:10:29.000Z,"""Aku rela dipenjara bersama buku, karena dengan buku aku bebas.‚Äù - Moh. Hatta, wakil presiden Republik Indonesia yang pertama..#getyourcoffeegetastory #cafebacacanarisla #coffeeshopsolo #coffeesolo #kopisolo",49 likes,#getyourcoffeegetastory #cafebacacanarisla #coffeeshopsolo #coffeesolo #kopisolo,,https://instagram.fcgk4-4.fna.fbcdn.net/v/t51.2885-15/e35/87765107_537300300231783_3436757725913590756_n.jpg?_nc_ht=instagram.fcgk4-4.fna.fbcdn.net&_nc_cat=103&_nc_ohc=8qluH6RNh3AAX9A8v6d&oh=518a8f3cf64c4430d24e4ad6863f80ba&oe=5F3BE239
2020-03-01T07:06:05.000Z,"Kopi identik dengan kaum laki laki , tapi tidak untuk zaman sekarang . Udah banyak banget perempuan yang dateng ke #cafebacacanarisla memesan ""based coffee"" yaa walaupun ada yang ga tahan dengan cafeinnya..#coffeesolo #kopisolo #getyourcoffeegetastory #coffeeshopsolo #kedaikopisolo",128 likes,#cafebacacanarisla #coffeesolo #kopisolo #getyourcoffeegetastory #coffeeshopsolo #kedaikopisolo,,https://instagram.fcgk4-1.fna.fbcdn.net/v/t51.2885-15/e35/87660756_135168148002659_2237356155135791549_n.jpg?_nc_ht=instagram.fcgk4-1.fna.fbcdn.net&_nc_cat=111&_nc_ohc=_8JpXML5umQAX864VF4&oh=a36663efa9faad0ffae5acd75413f08e&oe=5F3D766A
2020-02-27T11:49:15.000Z,Keseruan di dalam pertemuan akan menimbul kan perbincangan yang begitu hangat .Di tambah tempat #cafebacacanarisla ..#getyourcoffeegetastory #coffeesolo #kopisolo,49 likes,#cafebacacanarisla #getyourcoffeegetastory #coffeesolo #kopisolo,,https://instagram.fcgk4-3.fna.fbcdn.net/v/t51.2885-15/e35/87629262_529571597669036_5563477521787416231_n.jpg?_nc_ht=instagram.fcgk4-3.fna.fbcdn.net&_nc_cat=108&_nc_ohc=crTR0cnCxK4AX9_7GCf&oh=b5174e5eacd50405361a2f40a0bcdbbd&oe=5F3C2417
2020-02-26T11:55:01.000Z,"Huh, bersantai sejenak dan mengobrol jadi opsi terbaik, menikmati kopi dan snak yang tersedia di #cafebacacanarisla.#getyourcoffeegetastory #coffeesolo #kopisolo",68 likes,#cafebacacanarisla #getyourcoffeegetastory #coffeesolo #kopisolo,,https://instagram.fcgk4-1.fna.fbcdn.net/v/t51.2885-15/e35/85135723_502091700453024_5143321275679660670_n.jpg?_nc_ht=instagram.fcgk4-1.fna.fbcdn.net&_nc_cat=100&_nc_ohc=bklEDzFqdmYAX8tiCIF&oh=5f7ec2f912ab52236416468652d17bc7&oe=5F3B576F
2020-02-25T13:33:40.000Z,Mumetnya tugas atau pekerjaan emang harus di jalanin dan di rasakan dengan kebahagiaan.Bahagia emang begitu sederhana..#cafebacacanarisla #getyourcoffeegetastory #coffeesolo #kopisolo,49 likes,#cafebacacanarisla #getyourcoffeegetastory #coffeesolo #kopisolo,,https://instagram.fcgk5-1.fna.fbcdn.net/v/t51.2885-15/e35/87539284_203106300742661_5434539833689179367_n.jpg?_nc_ht=instagram.fcgk5-1.fna.fbcdn.net&_nc_cat=105&_nc_ohc=9SZjTC0NxmQAX-0yI95&oh=6cc34c616c3af859bc06eedfb3cdf66c&oe=5F3DA9B6
2020-02-24T10:39:37.000Z,"Kopi, kerjaan, musik. Emang ga bisa lepas dari hidup ini. Selalu ada cerita menarik di balik semuanya.Apa lagi di tambah tempat Cafe Baca Canarisla, sunggu asik..#cafebacacanarisla #getyourcoffeegetastory #coffeesolo #kopisolo",66 likes,#cafebacacanarisla #getyourcoffeegetastory #coffeesolo #kopisolo,,https://instagram.fcgk4-1.fna.fbcdn.net/v/t51.2885-15/e35/87840236_120592949505802_5399302775350554959_n.jpg?_nc_ht=instagram.fcgk4-1.fna.fbcdn.net&_nc_cat=110&_nc_ohc=lnNRTHeDwH4AX9u2DpQ&oh=7b67c15eaf02efcb4e135e00f8d07bf0&oe=5F3C7896
2020-02-23T12:23:13.000Z,"kalo kalian berkunjung dan puas terhadap pelayanan atau rasa dari Cafe Baca Canarisla , ada kotak box. Yaaa, sebut saja kotak 'apresiasi'..#cafebacacanarisla#getyourcoffeegetastory #coffeesolo #kopisolo",49 likes,#cafebacacanarisla #getyourcoffeegetastory #coffeesolo #kopisolo,,https://instagram.fcgk4-3.fna.fbcdn.net/v/t51.2885-15/e35/84313584_202159731156680_394129855127412632_n.jpg?_nc_ht=instagram.fcgk4-3.fna.fbcdn.net&_nc_cat=108&_nc_ohc=o8MyGvXTZssAX9_PPp0&oh=b50dfb6f122e571f08a0ba7d0d3742a2&oe=5F3D82B6
2020-02-22T08:00:51.000Z,"Pesan kopi dan rasakan kopinya lalu beri saran atau komentar ke baristanya , dan jangan lupa bayar yah :).Kami berusaha menerima masukan dari kalian..#cafebacacanarisla #getyourcoffeegetastory #coffeesolo #kopisolo",56 likes,#cafebacacanarisla #getyourcoffeegetastory #coffeesolo #kopisolo,,https://instagram.fcgk4-1.fna.fbcdn.net/v/t51.2885-15/e35/85154872_798196377313606_4647740811991683344_n.jpg?_nc_ht=instagram.fcgk4-1.fna.fbcdn.net&_nc_cat=110&_nc_ohc=SlVNZt2a2LIAX8H4dpv&oh=88c896b2db317cb8a1a6e460dd6ffb37&oe=5F3BBE58
2020-02-21T09:54:33.000Z,"Kerutinitasan emang suka membosankan, mencoba hal baru dan di jalani dengan 'senyuman' akan lebih indah.Jangan lupa bahagia..#cafebacacanarisla #getyourcoffeegetastory #coffeesolo #kopisolo",79 likes,#cafebacacanarisla #getyourcoffeegetastory #coffeesolo #kopisolo,,https://instagram.fcgk4-3.fna.fbcdn.net/v/t51.2885-15/e35/85157433_100907038152344_8200253578797977850_n.jpg?_nc_ht=instagram.fcgk4-3.fna.fbcdn.net&_nc_cat=108&_nc_ohc=iXPQyEk33uAAX96-alT&oh=28b12bbe91825bc3ffa0ac4c9a79f560&oe=5F3D4509
2020-02-20T11:30:21.000Z,"Hidup baginya bagaikan menikmati segelas Cappucino, ringan namun tetap nikmat.Ahhhh syaduh sekali, sudahkah kamu menikmati Cappucino hari ini ?..#cafebacacanarisla #getyourcoffeegetastory #coffeesolo #kopisolo",46 likes,#cafebacacanarisla #getyourcoffeegetastory #coffeesolo #kopisolo,,https://instagram.fcgk4-4.fna.fbcdn.net/v/t51.2885-15/e35/84980079_639239926827483_5500734713048196733_n.jpg?_nc_ht=instagram.fcgk4-4.fna.fbcdn.net&_nc_cat=103&_nc_ohc=OSoPaOIs3SMAX8m6Wf0&oh=16aa28651a8e6d404a31d3304a0b7e2d&oe=5F3B73CD
2020-02-17T05:51:28.000Z,"Koptop singkatan dari kopi laptop , yaa ga jelas sih . Tapi ga bisa di pungkiri lagi koptop sudah menjadi teman pada zaman sekarang ini..#cafebacacanarisla #getyourcoffeegetastory #kopisolo #coffeesolo #koptop",52 likes,#cafebacacanarisla #getyourcoffeegetastory #kopisolo #coffeesolo #koptop,,https://instagram.fcgk5-1.fna.fbcdn.net/v/t51.2885-15/e35/84633085_123226349095541_7322068839246652091_n.jpg?_nc_ht=instagram.fcgk5-1.fna.fbcdn.net&_nc_cat=105&_nc_ohc=Qi_lRrfYHkgAX-YZEJb&oh=513603dda7604e157696a8666d0a63ea&oe=5F3D207C
2020-02-16T06:02:07.000Z,"Selamat hari minggu kawan kawan.Aku kayanya melihat ada yang membingungkan dari foto ini , tapi ya sudahlah ..Mungkin coffee dan baca bisa menjadi solusi..#cafebacacanarisla #getyourcoffeegetastory #coffeesolo #kopisolo",96 likes,#cafebacacanarisla #getyourcoffeegetastory #coffeesolo #kopisolo,,https://instagram.fcgk4-3.fna.fbcdn.net/v/t51.2885-15/e35/84272586_2770742889651284_749181035696205991_n.jpg?_nc_ht=instagram.fcgk4-3.fna.fbcdn.net&_nc_cat=108&_nc_ohc=r_bF6NSZElUAX92XOl1&oh=15477842ec6bb992c7406d63b126863b&oe=5F3ABD10
2020-02-15T04:36:51.000Z,"Mau coffee apa non coffee ? Mau arabica apa robusta ? . Itu perkataan yang sering di tanya oleh barista . Salah satu pembuka ruang untuk perbincangan yang hangat dan seru ,  yaaa walaupun ujungnya nanya password wifi üòä tapi tak apa..#cafebacacanarisla #getyourcoffeegetastory #coffeesolo #kopisolo",97 likes,#cafebacacanarisla #getyourcoffeegetastory #coffeesolo #kopisolo,,https://instagram.fcgk4-1.fna.fbcdn.net/v/t51.2885-15/e35/84451885_102531347958634_95409360236900756_n.jpg?_nc_ht=instagram.fcgk4-1.fna.fbcdn.net&_nc_cat=110&_nc_ohc=xq0KkgDVs8YAX-LNeis&oh=19fc6f1d32d064aa95ac74e952778c2b&oe=5F3D2A14
2020-02-14T05:30:21.000Z,"Ketika deadline tugas membuat mumet kepala , kopi dan teman bisa jadi salah satu solusinya..#cafebacacanarisla #getyourcoffeegetastory #coffeesolo #kopisolo",78 likes,#cafebacacanarisla #getyourcoffeegetastory #coffeesolo #kopisolo,,https://instagram.fcgk4-4.fna.fbcdn.net/v/t51.2885-15/e35/84365755_862990650820935_6898162393650112572_n.jpg?_nc_ht=instagram.fcgk4-4.fna.fbcdn.net&_nc_cat=103&_nc_ohc=VHG2Vt2bbYsAX9TkVlW&oh=2bdcc36d894c439aceb16269d09c8445&oe=5F3A171B
2020-02-13T05:09:48.000Z,"Terkadang mengerjakan tugas atau hanya sekedar melamun , emang lebih nikmat di cafe .Apa lagi Cafe Baca Canarisla hahaha.#cafebacacanarisla #getyourcoffeegetastory #kopisolo #coffeesolo",115 likes,#cafebacacanarisla #getyourcoffeegetastory #kopisolo #coffeesolo,,https://instagram.fcgk4-1.fna.fbcdn.net/v/t51.2885-15/e35/84569575_798114230656416_786934902773140453_n.jpg?_nc_ht=instagram.fcgk4-1.fna.fbcdn.net&_nc_cat=100&_nc_ohc=rZHPUIKFEUgAX8SN0rj&oh=0c9c537115a6433fe70e65fe0fc93784&oe=5F3AFB15
2020-02-12T04:38:28.000Z,"Perbincangan yang hangat dan di dukung oleh tempat , selalu jadi sesuatu yang menarik.Semoga sehat selalu untuk kalian semua..#cafebacacanarisla #getyourcoffeegetastory",73 likes,#cafebacacanarisla #getyourcoffeegetastory,,https://instagram.fcgk4-1.fna.fbcdn.net/v/t51.2885-15/e35/84131100_1526567877497506_7278646622651963968_n.jpg?_nc_ht=instagram.fcgk4-1.fna.fbcdn.net&_nc_cat=110&_nc_ohc=bJL0JUjJp_sAX9kCZp1&oh=39ac03b5ca0f7e2b5affdc6beb454cbe&oe=5F3C4756
2020-01-21T07:35:17.000Z,Ada yang lebih kosong dari pada langit setelah hujan: langit-langit yang ditatap lama tanpa maksud apa-apa.#cafebacacanarisla #cafebaca #ngopidisolo #solocoffeeshop #ums #umscantik #umsganteng #ums2020 #umssolo #surakarta #tempatnongkrongsolo #kedaikopisolo #kedaikopimurah #kedaikopiums #bukubacaan #bacabuku #solohits #nongkrongdisolo,74 likes,#cafebacacanarisla #cafebaca #ngopidisolo #solocoffeeshop #ums #umscantik #umsganteng #ums2020 #umssolo #surakarta #tempatnongkrongsolo #kedaikopisolo #kedaikopimurah #kedaikopiums #bukubacaan #bacabuku #solohits #nongkrongdisolo,,https://instagram.fcgk4-4.fna.fbcdn.net/v/t51.2885-15/e35/s1080x1080/82391293_1733271343482673_9032134964136687425_n.jpg?_nc_ht=instagram.fcgk4-4.fna.fbcdn.net&_nc_cat=101&_nc_ohc=pIEvhXXII6EAX9ggBjS&oh=6711aa3aea8186a0b5656177de780343&oe=5F3AE767
2019-11-23T05:46:41.000Z,"Sudahlah, taruh dulu HPmu, lupakan sementara masalahmu. Kami buatkan kopi dulu, lagu clasik itu biarkan pula melantun.@cafebacacanarisla #cafebacacanarisla #solocoffeeshop #ngopidisolo #cafebaca #coffee #umssolo #umssurakarta #surakarta #umscantik #ngopi #nongkrongdisolo",674 views,#cafebacacanarisla #solocoffeeshop #ngopidisolo #cafebaca #coffee #umssolo #umssurakarta #surakarta #umscantik #ngopi #nongkrongdisolo,,https://instagram.fcgk4-2.fna.fbcdn.net/v/t50.2886-16/78549317_470413530258676_7365452382214092809_n.mp4?efg=eyJ2ZW5jb2RlX3RhZyI6InZ0c192b2RfdXJsZ2VuLjcyMC5mZWVkLmRlZmF1bHQiLCJxZV9ncm91cHMiOiJbXCJpZ193ZWJfZGVsaXZlcnlfdnRzX290ZlwiXSJ9&_nc_ht=instagram.fcgk4-2.fna.fbcdn.net&_nc_cat=104&_nc_ohc=0xxlEDFAbHAAX9wACqy&vs=17855431528636592_2457562821&_nc_vs=HBksFQAYJEdFV1JyZ1QwWEY2djFxc0JBQW40N1BQcVZ6ZG1ia1lMQUFBRhUAAsgBABUAGCRHQkFfc3dSNnRZenRRSWNBQUs1R0ZxZUpBREozYmtZTEFBQUYVAgLIAQAoABgAGwAVAAAYABbgj7u%2F89q3PxUCKAJDMywXQDeIcrAgxJwYEmRhc2hfYmFzZWxpbmVfMV92MREAdeoHAA%3D%3D&_nc_rid=9a1f73df91&oe=5F14CD5A&oh=23179ec80f5eef188a6d5e5332174783
2019-11-02T06:09:17.000Z,"Kopi dan waktu mengajarkan bahwa berjuang tak secepat menikmati hasil. Maka dari itu temani waktu kamu dengan secangkir kopi, untuk weekend yg melelahkan ini üòä#cafebacacanarisla #solocoffeeshop #ngopidisolo #umssurakarta #ums2019 #umscantik #cafebaca #coffee #buku #surakarta #ngopi #ngopiyuk #weekend",72 likes,#cafebacacanarisla #solocoffeeshop #ngopidisolo #umssurakarta #ums2019 #umscantik #cafebaca #coffee #buku #surakarta #ngopi #ngopiyuk #weekend,,https://instagram.fcgk4-2.fna.fbcdn.net/v/t51.2885-15/e35/s1080x1080/72094345_2843922205658994_6538990451932617473_n.jpg?_nc_ht=instagram.fcgk4-2.fna.fbcdn.net&_nc_cat=106&_nc_ohc=9Gk2NDBSiA4AX8dz1E0&oh=19ddacfbc5c39858dc6c58d398ecb42b&oe=5F3A7BC4
2019-10-25T05:20:38.000Z,"Banyak atau sedikit, setiap rezeki harus dirayakan dengan secangkir kopi, dan kopi yang nikmat berawal dari sini.#cafebacacanarisla #solocoffeeshop #ngopidisolo #cafebaca #umssurakarta #umssolo #baristaindonesia #ums2019 #surakarta #solo #coffee",87 likes,#cafebacacanarisla #solocoffeeshop #ngopidisolo #cafebaca #umssurakarta #umssolo #baristaindonesia #ums2019 #surakarta #solo #coffee,,https://instagram.fcgk4-1.fna.fbcdn.net/v/t51.2885-15/e35/s1080x1080/71225510_408183469861739_5325877692793108286_n.jpg?_nc_ht=instagram.fcgk4-1.fna.fbcdn.net&_nc_cat=111&_nc_ohc=_GYiTZoL6CsAX9CVPpT&oh=eb08488f202a73adc43ff7f560771dbe&oe=5F3AA225
2019-10-21T02:44:15.000Z,"Selamat Hari Senin üòöBuat ngawalin hari mu, Minum kopi dulu di @cafebacacanarisla biar hati adem dan berfikir pun jadi lancar.Karena Kopi bisa menjadi teman setia untuk mengerjakan tugas setiap saat.Selamat beraktivitas ü§ó#cafebacacanarisla #solocoffeeshop #ngopidisolo #umssurakarta #umssolo #tempatngopisolo #ums2019",87 likes,#cafebacacanarisla #solocoffeeshop #ngopidisolo #umssurakarta #umssolo #tempatngopisolo #ums2019,,https://instagram.fcgk4-1.fna.fbcdn.net/v/t51.2885-15/e35/s1080x1080/74661228_102361177825943_8775168426426548736_n.jpg?_nc_ht=instagram.fcgk4-1.fna.fbcdn.net&_nc_cat=111&_nc_ohc=zTyvwwKcIEUAX9fA_xY&oh=118129531366d8ebd27290639f8fca70&oe=5F3BB68A
2019-10-18T06:35:53.000Z,Kata orang ‚ÄúTak kenal Maka Tak Sayang‚Äù. Belum kenal kalo belum nyobain ngopi di #cafebacacanarisla Kalo udah kenal dijamin bikin nyaman.#cafebacacanarisla #ngopidisolo #solocoffeeshop #umssurakarta #ums2019 #coffeeday,140 likes,#cafebacacanarisla #cafebacacanarisla #ngopidisolo #solocoffeeshop #umssurakarta #ums2019 #coffeeday,,https://instagram.fcgk5-1.fna.fbcdn.net/v/t51.2885-15/e35/s1080x1080/73401874_156618962210515_3460333725654305025_n.jpg?_nc_ht=instagram.fcgk5-1.fna.fbcdn.net&_nc_cat=107&_nc_ohc=AEdVE0xuf-YAX-z2Nzr&oh=d9ff72fb077c8053b05fc00418ef0b35&oe=5F3CA289
2019-08-30T02:35:22.000Z,"Kopi mulai dilirik sebagai komoditas Take Away. Banyak diantaranya membuka kedai-kedai dipinggir jalan dengan branding murah meriah. Alternatifnya adalah menggunakan susu kental manis dan bubuk perasa sebagai strategi efisiensi produksi..Kami pun melirik Take Away sebagai menu yang siap menghantarimu. Tapi daripada menggunakan bahan-bahan alternatif demi strategi tarif, Kami tetap percaya pelanggan memiliki selera tersendiri yang membuat kami tetap bertahan dua tahun belakangan..Signature Menu :- Kopi Susu Tinta Merah 17K- Kopi Susu Tinta Hitam 15K- Kopi Susu Tinta Putih 17K- Kopi Susu Tinta Emas 20K.Buka jam 09.00 ‚Äì 24.00Morning Term 09.00 - 15.00.#kopipagihari #ngopipagi #kopimurah #ngopipagisolo #ngopigratis #umssolo #fakultariaums#kopisurakarta #kopicup #umscantik #coworkingspaces #coworkingspacesolo #tempatnongkrongdisolo #kedaimurah #kedaikopisolo #kopiasyik #giveaway #jumatberkahüòá",93 likes,#kopipagihari #ngopipagi #kopimurah #ngopipagisolo #ngopigratis #umssolo #fakultariaums #kopisurakarta #kopicup #umscantik #coworkingspaces #coworkingspacesolo #tempatnongkrongdisolo #kedaimurah #kedaikopisolo #kopiasyik #giveaway #jumatberkahüòá,https://www.instagram.com/explore/locations/585555419/depan-kampus-4-ums/,https://instagram.fcgk4-1.fna.fbcdn.net/v/t51.2885-15/e35/67496731_1099113626947870_8354615901878611702_n.jpg?_nc_ht=instagram.fcgk4-1.fna.fbcdn.net&_nc_cat=110&_nc_ohc=i-K2WtC-vZkAX9oH2jN&oh=2458b148c5586a125fa06c89d1a85832&oe=5F3AD46A
2019-08-23T06:47:24.000Z,"Jangan kaya mas @gamapra Pagi-pagi minta dibuatin Nasi Scramble Egg sama es Apple Tea. Abis itu naik lantai dua langsung buka buku,-- koyo bakul beras. .eh malah nanya, ""Lha kok Sarapan Menu Pagimu semurah ini? Rugi nggak nih?!"".Wooo, yo jelas mas!Lha kita prinsipnya buka tempat kerja khusus kepada mahasiswa produktif kok! koyo sampean kui jane. Tapi yo cocoke tukune Kopi Pagi. Ne Cafe kok pesen Es Teh!.Menu Andalan Ngopi Pagi :- Kopi Tubruk 7,5K- Americano 8K- Vietnam Drip 9KNon Coffe- Orange Juice 6K- Teh Susu 7K- Chocolate 8K- Iced Choco Orange 10K.Buka jam 09.00 ‚Äì 24.00Morning Term 09.00 - 15.00.#kopipagi #ngopipagi #kopimurah #ngopipagisolo #ngopigratis #umssurakarta #umsganteng#kopisurakarta #kopipagiini #umscantik #coworkingspace #coworkingspacesolo #kopisyop #kedaionlinemurah #jumatberkah",98 likes,#kopipagi #ngopipagi #kopimurah #ngopipagisolo #ngopigratis #umssurakarta #umsganteng #kopisurakarta #kopipagiini #umscantik #coworkingspace #coworkingspacesolo #kopisyop #kedaionlinemurah #jumatberkah,,https://instagram.fcgk4-2.fna.fbcdn.net/v/t51.2885-15/e35/67730130_2210385825921081_6911053933274704758_n.jpg?_nc_ht=instagram.fcgk4-2.fna.fbcdn.net&_nc_cat=109&_nc_ohc=5SDdjz3rcUIAX_CRvDO&oh=2efdfc8c5bbbca09f9883baf71603b2c&oe=5F3A9BBF
2019-08-23T02:02:42.000Z,"Udah niat Bangun Pagi, udah siap mengawali kerjaan hari ini. Eh Pas Sarapan, datengnya nasinya keras sekal, Pernah?! Makannya di Warung terus sih!.Makanya sekali-kali ngana bangun pagi, sarapannya di cafe kami. Kan lumayan kalo sarapan sambil nonton YouTube Pake WiFi. Lha kita WiFinya up to 3Mbps. Yen ne warung? yo Sowriiiii_.Jangan kira Mahal, Vietnam Drip pagi cuma seharga Rinso Serenceng. Cuma SEMBILAN RIBU, MURAH GA TUH?!.Menu Sarapan Ngopi Pagi :- Chicken Rice Bowl 17k- Mixed Rice Bowl 12k- Scrumble Egg Rice Bowl 13K- Mie Kuah Susu 16k- Mie Kuah Susu Spesial 18k.Buka jam 09.00 ‚Äì 24.00Morning Term 09.00 - 15.00.#kopipagi #ngopipagi #kopimurah #ngopipagisolo #ngopigratis #umssurakarta #umsganteng#kopisurakarta #sarapanpagi #morning #morningvibes #coworkingspace #coworkingspacesolo #kopisyop #kedaijammurah",70 likes,#kopipagi #ngopipagi #kopimurah #ngopipagisolo #ngopigratis #umssurakarta #umsganteng #kopisurakarta #sarapanpagi #morning #morningvibes #coworkingspace #coworkingspacesolo #kopisyop #kedaijammurah,https://www.instagram.com/explore/locations/585555419/depan-kampus-4-ums/,https://instagram.fcgk4-1.fna.fbcdn.net/v/t51.2885-15/e35/69147659_721315948292952_6378930676977678703_n.jpg?_nc_ht=instagram.fcgk4-1.fna.fbcdn.net&_nc_cat=100&_nc_ohc=wmHnA1l6zDUAX9yYWtK&oh=f58b2e6113101252a4bb04e3c3b92f25&oe=5F3B8D40
2019-08-07T08:44:31.000Z,"Betapa sedihnya jika apa yang kita pinta tak tercapai adanya. Termasuk inginnya yang seger-seger, tapi apa daya dikosan hanya ada air putih~.in frame : Matcha Melted & Choco Orange.#kopisolo#kedaikopisolo #kedaikopi #tempatngopi #tempatngopiasik #tempatngopisolo #workspace #tempatnongkrong #tempatnongkrongsolo #kopi #cafe #cafebaca #buku #tempatbaca #kopibukuquotes #kopidanbuku #tempatnugas #ums #ihssolo #mahasiswaums #infoums #kopisolo #solo #kabarsoloraya",66 likes,#kopisolo #kedaikopisolo #kedaikopi #tempatngopi #tempatngopiasik #tempatngopisolo #workspace #tempatnongkrong #tempatnongkrongsolo #kopi #cafe #cafebaca #buku #tempatbaca #kopibukuquotes #kopidanbuku #tempatnugas #ums #ihssolo #mahasiswaums #infoums #kopisolo #solo #kabarsoloraya,https://www.instagram.com/explore/locations/228204735/surakarta/,https://instagram.fcgk5-1.fna.fbcdn.net/v/t51.2885-15/e35/66466092_2777605458935870_5580618696779016046_n.jpg?_nc_ht=instagram.fcgk5-1.fna.fbcdn.net&_nc_cat=102&_nc_ohc=LzYraTT2AK0AX_xW2-n&oh=709437a14f0bb86043158281ac2b7b96&oe=5F3BC92D
